map,totalNodes,feasibleDijkstra,lengthDijkstra,timeDijkstra,solvingTimeDijkstra,feasibleAStar,lengthAStar,timeAStar,solvingTimeAStar,mode,arcs,valid
carre,25,1,89056.0,6412.032,1565869,1,89056.0,6412.032,238712,0,4,1
carre,25,1,107492.195,7739.437921875,494727,1,107492.195,7739.437921875,325813,0,4,1
carre,25,1,66792.0,4809.024,195529,1,66792.0,4809.024,134268,0,3,1
carre,25,1,22264.0,1603.008,51041,1,22264.0,1603.008,53924,0,1,1
carre,25,1,85235.0,6136.92,340158,1,85235.0,6136.92,177111,0,3,1
carre,25,1,62971.0,4533.912,540696,1,62971.0,4533.912,206877,0,2,1
carre,25,1,125942.0,9067.824,365633,1,125942.0,9067.824,159241,0,4,1
carre,25,1,53750.0,3870.0,141471,1,53750.0,3870.0,76453,0,2,1
carre,25,1,76013.0,5472.936,257337,1,76013.0,5472.936,99692,0,3,1
carre,25,1,76013.0,5472.936,263697,1,76013.0,5472.936,105797,0,3,1
carre,25,1,98277.0,7075.9439999999995,237609,1,98277.0,7075.9439999999995,60116,0,4,1
carre,25,1,98277.0,7075.9439999999995,230288,1,98277.0,7075.9439999999995,133740,0,4,1
carre,25,1,22264.0,1603.008,46624,1,22264.0,1603.008,35272,0,1,1
carre,25,1,53746.156,3869.723109375,150198,1,53746.156,3869.723109375,55118,0,2,1
carre,25,1,98277.0,7075.9439999999995,207367,1,98277.0,7075.9439999999995,98543,0,4,1
carre,25,1,31486.0,2266.992,40593,1,31486.0,2266.992,32204,0,1,1
carre,25,1,76013.0,5472.936,143094,1,76013.0,5472.936,88381,0,3,1
carre,25,1,44528.0,3206.016,124897,1,44528.0,3206.016,65085,0,2,1
carre,25,1,76013.0,5472.936,301253,1,76013.0,5472.936,153275,0,3,1
carre,25,1,53749.0,3869.928,114854,1,53749.0,3869.928,36636,0,2,1
carre,25,1,31486.0,2266.992,52938,1,31486.0,2266.992,33765,0,1,1
carre,25,1,53750.0,3870.0,81285,1,53750.0,3870.0,63034,0,2,1
carre,25,1,107498.055,7739.860078125,295967,1,107498.055,7739.860078125,135569,0,4,1
carre,25,1,53749.0,3869.928,194844,1,53749.0,3869.928,43591,0,2,1
carre,25,1,85231.04,6136.634671875,180827,1,85231.04,6136.634671875,62392,0,3,1
carre,25,1,98271.59,7075.554890625001,283484,1,98271.59,7075.554890625001,101433,0,4,1
carre,25,1,22261.156,1602.80325,21165,1,22261.156,1602.80325,21987,0,1,1
carre,25,1,98277.0,7075.9439999999995,88204,1,98277.0,7075.9439999999995,37689,0,4,1
carre,25,1,89048.84,6411.516328125001,241806,1,89048.84,6411.516328125001,109176,0,4,1
carre,25,1,31485.0,2266.92,41298,1,31485.0,2266.92,21866,0,1,1
carre,25,1,62971.0,4533.912,83216,1,62971.0,4533.912,38502,0,2,1
carre,25,1,22264.0,1603.008,48402,1,22264.0,1603.008,41973,0,1,1
carre,25,1,62970.0,4533.84,102428,1,62970.0,4533.84,49846,0,2,1
carre,25,1,53746.04,3869.714671875,97397,1,53746.04,3869.714671875,40890,0,2,1
carre,25,1,76013.0,5472.936,125042,1,76013.0,5472.936,62682,0,3,1
carre,25,1,66789.1,4808.8153125,109265,1,66789.1,4808.8153125,39850,0,3,1
carre,25,1,89056.0,6412.032,248954,1,89056.0,6412.032,47132,0,4,1
carre,25,1,22264.0,1603.008,67148,1,22264.0,1603.008,31233,0,1,1
carre,25,1,98268.34,7075.320609375,137589,1,98268.34,7075.320609375,49164,0,4,1
carre,25,1,85235.0,6136.92,151170,1,85235.0,6136.92,96858,0,3,1
carre,25,1,53749.0,3869.928,87767,1,53749.0,3869.928,32381,0,2,1
carre,25,1,22262.238,1602.88115625,24439,1,22262.238,1602.88115625,18859,0,1,1
carre,25,1,31486.0,2266.992,126261,1,31486.0,2266.992,36508,0,1,1
carre,25,1,85234.0,6136.848,298903,1,85234.0,6136.848,107916,0,3,1
carre,25,1,53747.125,3869.7928593750003,73583,1,53747.125,3869.7928593750003,31957,0,2,1
carre,25,1,85235.0,6136.92,93302,1,85235.0,6136.92,46223,0,3,1
carre,25,1,53749.0,3869.928,38757,1,53749.0,3869.928,23900,0,2,1
carre,25,1,85233.234,6136.792875,121883,1,85233.234,6136.792875,54404,0,3,1
carre,25,1,31486.0,2266.992,65937,1,31486.0,2266.992,27380,0,1,1
carre,25,1,66792.0,4809.024,109846,1,66792.0,4809.024,49546,0,3,1
carre,25,1,22261.15,1602.802828125,14697,1,22261.15,1602.802828125,14777,0,1,1
carre,25,1,85235.055,6136.923796875,85670,1,85235.055,6136.923796875,39602,0,3,1
carre,25,1,31485.0,2266.92,38428,1,31485.0,2266.92,15066,0,1,1
carre,25,1,22264.0,1603.008,83910,1,22264.0,1603.008,34786,0,1,1
carre,25,1,53747.24,3869.80115625,156267,1,53747.24,3869.80115625,55945,0,2,1
carre,25,1,31485.0,2266.92,195939,1,31485.0,2266.92,52661,0,1,1
carre,25,1,85235.0,6136.92,209708,1,85235.0,6136.92,92169,0,3,1
carre,25,1,89048.836,6411.516328125001,167187,1,89048.836,6411.516328125001,68333,0,4,1
carre,25,1,31485.0,2266.92,84114,1,31485.0,2266.92,31525,0,1,1
carre,25,1,94457.0,6800.904,138108,1,94457.0,6800.904,48191,0,3,1
carre,25,1,76007.19,5472.5175,395795,1,76007.19,5472.5175,324499,3,3,1
carre,25,1,116717.16,8403.63525,194055,1,116717.16,8403.63525,213009,3,4,1
carre,25,1,98277.0,7075.9439999999995,133963,1,98277.0,7075.9439999999995,149513,3,4,0
carre,25,1,53749.0,3869.928,104240,1,53749.0,3869.928,103181,3,2,1
carre,25,1,62972.0,4533.984,102384,1,62972.0,4533.984,136884,3,2,1
carre,25,1,53750.0,3870.0,44011,1,53750.0,3870.0,60611,3,2,1
carre,25,1,44528.0,3206.016,41848,1,44528.0,3206.016,45416,3,2,1
carre,25,1,44528.0,3206.016,56315,1,44528.0,3206.016,46856,3,2,1
carre,25,1,53749.0,3869.928,50176,1,53749.0,3869.928,55883,3,2,1
carre,25,1,22264.0,1603.008,21177,1,22264.0,1603.008,16006,3,1,1
carre,25,1,76007.195,5472.517921875,87350,1,76007.195,5472.517921875,102057,3,3,1
carre,25,1,76007.305,5472.5259375000005,86725,1,76007.305,5472.5259375000005,181131,3,3,1
carre,25,1,85234.0,6136.848,330888,1,85234.0,6136.848,167357,3,3,1
carre,25,1,53750.0,3870.0,43636,1,53750.0,3870.0,49745,3,2,1
carre,25,1,76014.0,5473.008,55551,1,76014.0,5473.008,62979,3,3,1
carre,25,1,22264.0,1603.008,28205,1,22264.0,1603.008,20694,3,1,1
carre,25,1,22264.0,1603.008,106095,1,22264.0,1603.008,30895,3,1,1
carre,25,1,53750.0,3870.0,195687,1,53750.0,3870.0,213777,3,2,1
carre,25,1,66792.0,4809.024,90162,1,66792.0,4809.024,92238,3,3,1
carre,25,1,22264.0,1603.008,29176,1,22264.0,1603.008,19577,3,1,1
insa,1349,1,1345.3986,329.0389895617962,276625,1,1345.3986,329.0389895617962,210187,0,34,1
insa,1349,1,1251.8344,111.06584612274172,403084,1,1251.8344,111.06584612274172,268595,0,23,1
insa,1349,1,860.6495,83.55547547149659,383442,1,860.6495,83.55547547149659,175899,0,17,1
insa,1349,1,1382.2477,99.52183281040192,514067,1,1382.2477,99.52183281040192,55478,0,16,1
insa,1349,1,1492.7056,440.69799367904665,591371,1,1492.7056,440.69799367904665,452437,0,47,1
insa,1349,1,1042.885,397.247969455719,347398,1,1042.885,397.247969455719,165919,0,29,1
insa,1349,1,1460.0166,412.67017859458923,439482,1,1460.0166,412.67017859458923,305189,0,34,1
insa,1349,0,-1,-1,543596,0,-1,-1,1154134,0,0,1
insa,1349,1,1390.2202,367.9603327560425,346454,1,1390.2202,367.9603327560425,211707,0,30,1
insa,1349,1,423.42975,52.413477762222286,116183,1,423.42975,52.413477762222286,64718,0,7,1
insa,1349,0,-1,-1,534266,0,-1,-1,1306376,0,0,1
insa,1349,1,909.36,108.38754404067993,79863,1,909.36,108.38754404067993,53398,0,21,1
insa,1349,0,-1,-1,397211,0,-1,-1,865358,0,0,1
insa,1349,1,902.29517,83.86156738471985,207474,1,902.29517,83.86156738471985,225444,0,27,1
insa,1349,0,-1,-1,409610,0,-1,-1,844861,0,0,1
insa,1349,1,1742.1481,434.0455703716278,330398,1,1742.1481,434.0455703716278,334607,0,38,1
insa,1349,1,1692.6112,178.6606778268814,236355,1,1692.6112,178.6606778268814,182521,0,40,1
insa,1349,0,-1,-1,389349,0,-1,-1,922763,0,0,1
insa,1349,1,1409.4357,537.7498978614807,430175,1,1409.4357,537.7498978614807,64374,0,10,1
insa,1349,1,1528.7756,161.6556451005936,142700,1,1528.7756,161.6556451005936,162515,0,35,1
insa,1349,0,-1,-1,2143,0,-1,-1,2503,0,0,1
insa,1349,1,811.1089,90.19698364734649,126614,1,811.1089,90.19698364734649,56083,0,23,1
insa,1349,0,-1,-1,3183,0,-1,-1,4990,0,0,1
insa,1349,1,1356.539,316.6885167732239,209038,1,1356.539,316.6885167732239,165588,0,28,1
insa,1349,1,1426.3824,210.7802021942138,390439,1,1426.3824,210.7802021942138,244376,0,42,1
insa,1349,1,2948.6536,673.4885571441652,378708,1,2948.6536,673.4885571441652,586044,0,62,1
insa,1349,1,308.93124,48.22846306228637,41534,1,308.93124,48.22846306228637,39343,0,11,1
insa,1349,0,-1,-1,5260,0,-1,-1,8984,0,0,1
insa,1349,1,1282.0916,343.57901929092407,341867,1,1282.0916,343.57901929092407,305077,0,28,1
insa,1349,1,1068.9877,277.61343841552736,388541,1,1068.9877,277.61343841552736,124222,0,27,1
insa,1349,1,1730.1803,149.89285122871402,291353,1,1730.1803,149.89285122871402,215847,0,39,1
insa,1349,0,-1,-1,399004,0,-1,-1,830154,0,0,1
insa,1349,1,1648.5386,385.4431345710755,349095,1,1648.5386,385.4431345710755,248289,0,29,1
insa,1349,1,452.56558,72.31076791763307,74720,1,452.56558,72.31076791763307,43661,0,17,1
insa,1349,1,1577.6041,228.02742833805087,313876,1,1577.6041,228.02742833805087,204838,0,39,1
insa,1349,1,1129.7141,252.6404446220398,128193,1,1129.7141,252.6404446220398,72398,0,20,1
insa,1349,1,1491.6104,199.55815932655335,284007,1,1491.6104,199.55815932655335,275345,0,38,1
insa,1349,1,698.0246,83.76295257568358,118794,1,698.0246,83.76295257568358,28774,0,10,1
insa,1349,1,2821.7642,701.599497619629,397698,1,2821.7642,701.599497619629,621489,0,61,1
insa,1349,1,1276.6237,304.0804661407471,240612,1,1276.6237,304.0804661407471,248767,0,42,1
insa,1349,1,781.45874,69.9218632965088,79876,1,781.45874,69.9218632965088,33599,0,25,1
insa,1349,1,621.8675,145.89724888229372,139961,1,621.8675,145.89724888229372,120477,0,20,1
insa,1349,0,-1,-1,400855,0,-1,-1,821191,0,0,1
insa,1349,0,-1,-1,4267,0,-1,-1,2981,0,0,1
insa,1349,1,1668.0265,541.552565574646,342873,1,1668.0265,541.552565574646,94401,0,14,1
insa,1349,1,538.3253,79.70823646545409,77671,1,538.3253,79.70823646545409,58817,0,18,1
insa,1349,1,357.42892,197.32819765090943,37877,1,357.42892,197.32819765090943,24858,0,12,1
insa,1349,1,1968.2216,241.87703861618044,306052,1,1968.2216,241.87703861618044,274317,0,46,1
insa,1349,1,2672.5422,620.3287976646424,474764,1,2672.5422,620.3287976646424,245068,0,36,1
insa,1349,1,1302.1638,396.50090961456306,157584,1,1302.1638,396.50090961456306,102382,0,29,1
insa,1349,1,1983.983,685.9776492691041,312377,1,1983.983,685.9776492691041,247356,0,36,1
insa,1349,1,1067.3933,146.60286024856566,282638,1,1067.3933,146.60286024856566,125775,0,35,1
insa,1349,1,2149.9304,246.7130617790222,351733,1,2149.9304,246.7130617790222,342559,0,43,1
insa,1349,1,700.4738,175.4301175804138,138874,1,700.4738,175.4301175804138,88507,0,24,1
insa,1349,1,762.0977,198.5883092880249,117912,1,762.0977,198.5883092880249,89331,0,25,1
insa,1349,1,106.20859,61.35435247421264,22552,1,106.20859,61.35435247421264,10699,0,5,1
insa,1349,0,-1,-1,406492,0,-1,-1,843900,0,0,1
insa,1349,0,-1,-1,2967,0,-1,-1,2277,0,0,1
insa,1349,1,420.90024,97.94897341918946,56258,1,420.90024,97.94897341918946,38331,0,8,1
insa,1349,0,-1,-1,2570,0,-1,-1,2314,0,0,1
insa,1349,0,-1,-1,2474,0,-1,-1,6140,3,0,1
insa,1349,1,711.3144,79.43346815872192,246653,1,711.3144,79.43346815872192,434890,3,21,1
insa,1349,0,-1,-1,341970,0,-1,-1,940087,3,0,1
insa,1349,0,-1,-1,339560,0,-1,-1,1107069,3,0,1
insa,1349,0,-1,-1,527126,0,-1,-1,908821,3,0,1
insa,1349,0,-1,-1,1620619,0,-1,-1,1094843,3,0,1
insa,1349,1,1197.3513,226.22790295028693,248972,1,1197.3513,226.22790295028693,503763,3,23,1
insa,1349,1,1321.7961,360.04987255096444,142205,1,1321.7961,360.04987255096444,264490,3,22,1
insa,1349,1,1662.7491,158.74133292961122,239281,1,1662.7491,158.74133292961122,527476,3,41,1
insa,1349,0,-1,-1,6318,0,-1,-1,3838,3,0,1
insa,1349,1,1898.0,526.0683076744081,167022,1,1898.0,526.0683076744081,323273,3,39,1
insa,1349,1,1498.9832,258.6125385818481,333638,1,1498.9832,258.6125385818481,778173,3,29,1
insa,1349,1,1064.7244,267.4589209842682,129899,1,1064.7244,267.4589209842682,149882,3,21,1
insa,1349,1,3341.212,471.66265234065065,380141,1,3341.212,471.66265234065065,741373,3,67,1
insa,1349,0,-1,-1,348145,0,-1,-1,873045,3,0,1
insa,1349,1,2533.6228,625.730136777878,570397,1,2533.6228,625.730136777878,1071112,3,44,1
insa,1349,0,-1,-1,5498,0,-1,-1,3837,3,0,1
insa,1349,0,-1,-1,3476,0,-1,-1,2970,3,0,1
insa,1349,1,605.4134,56.62602244663238,51824,1,605.4134,56.62602244663238,102527,3,12,1
insa,1349,0,-1,-1,491807,0,-1,-1,1347691,3,0,1
toulouse,39858,1,6075.7734,490.26183227266586,8075444,1,6075.7734,490.26183227266586,1300110,0,86,1
toulouse,39858,1,7227.4795,882.0162380676267,9050241,1,7227.4795,882.0162380676267,3598203,0,131,1
toulouse,39858,1,7526.6777,1264.2274372128084,6349389,1,7526.6777,1264.2274372128084,2892100,0,107,1
toulouse,39858,1,10330.724,1399.252731727872,5821381,1,10330.724,1399.252731727872,3847157,0,224,1
toulouse,39858,1,3123.1729,332.61532681846626,2218204,1,3123.1729,332.61532681846626,591027,0,39,1
toulouse,39858,0,-1,-1,10923,0,-1,-1,11863,0,0,1
toulouse,39858,1,3647.2256,629.5298027646201,2493667,1,3647.2256,629.5298027646201,538294,0,92,1
toulouse,39858,1,10807.2295,1452.8088882097509,10325588,1,10807.2295,1452.8088882097509,5632620,0,195,1
toulouse,39858,1,6669.6484,835.2371669254304,7814589,1,6669.6484,835.2371669254304,3086591,0,86,1
toulouse,39858,1,6225.2837,1252.1633045768742,5475481,1,6225.2837,1252.1633045768742,1712171,0,101,1
toulouse,39858,1,9478.885,1027.873877025604,4550817,1,9478.885,1027.873877025604,1028677,0,76,1
toulouse,39858,1,7563.229,1212.4159280661174,9510989,1,7563.229,1212.4159280661174,4523045,0,176,1
toulouse,39858,1,10244.145,1405.561254154887,14461555,1,10244.145,1405.561254154887,7030016,0,237,1
toulouse,39858,1,2968.4268,381.29493050479897,1032591,1,2968.4268,381.29493050479897,552460,0,59,1
toulouse,39858,1,4959.8936,640.1322942695617,2289629,1,4959.8936,640.1322942695617,1113613,0,79,1
toulouse,39858,1,8746.365,1857.5533935450126,10382627,1,8746.365,1857.5533935450126,4529482,0,204,1
toulouse,39858,0,-1,-1,15652054,0,-1,-1,30389725,0,0,1
toulouse,39858,1,3435.1238,707.7749848194123,1759556,1,3435.1238,707.7749848194123,607400,0,80,1
toulouse,39858,1,7065.092,1094.2770314808106,3358617,1,7065.092,1094.2770314808106,1809875,0,107,1
toulouse,39858,1,11337.714,990.436121634892,8534094,1,11337.714,990.436121634892,5766629,0,187,1
toulouse,39858,1,6648.0117,826.2448218713486,3426676,1,6648.0117,826.2448218713486,2184780,0,120,1
toulouse,39858,0,-1,-1,17204878,0,-1,-1,30024879,0,0,1
toulouse,39858,1,11173.214,1561.812259701069,11737854,1,11173.214,1561.812259701069,6108614,0,155,1
toulouse,39858,1,9451.082,1224.0081904077529,18328990,1,9451.082,1224.0081904077529,9410849,0,225,1
toulouse,39858,1,7406.228,618.1732077484131,14075037,1,7406.228,618.1732077484131,3577883,0,187,1
toulouse,39858,1,10116.821,1631.2847744738724,14459900,1,10116.821,1631.2847744738724,5380949,0,226,1
toulouse,39858,1,7382.783,1128.4055101327885,11001609,1,7382.783,1128.4055101327885,3983441,0,185,1
toulouse,39858,1,5693.294,605.8907107772828,3937805,1,5693.294,605.8907107772828,2403731,0,109,1
toulouse,39858,1,4835.1465,394.07351685333253,6675721,1,4835.1465,394.07351685333253,2250960,0,95,1
toulouse,39858,1,6398.4575,618.6697945833207,2800984,1,6398.4575,618.6697945833207,509150,0,111,1
toulouse,39858,1,7649.6562,853.1820935551785,6143572,1,7649.6562,853.1820935551785,2701350,0,203,1
toulouse,39858,1,1494.887,170.25120603561402,415342,1,1494.887,170.25120603561402,168696,0,37,1
toulouse,39858,1,2009.835,363.6126064825057,411775,1,2009.835,363.6126064825057,402332,0,72,1
toulouse,39858,1,8560.987,1104.731008021218,5825718,1,8560.987,1104.731008021218,2608232,0,146,1
toulouse,39858,1,7077.572,768.1781019458771,4497653,1,7077.572,768.1781019458771,2459303,0,124,1
toulouse,39858,0,-1,-1,31737,0,-1,-1,65090,0,0,1
toulouse,39858,1,10587.418,1204.0897753997535,11399744,1,10587.418,1204.0897753997535,7561956,0,216,1
toulouse,39858,1,4872.955,692.7981110683171,3524082,1,4872.955,692.7981110683171,1673371,0,132,1
toulouse,39858,0,-1,-1,12592,0,-1,-1,13668,0,0,1
toulouse,39858,1,3154.7231,545.8176448259355,2578974,1,3154.7231,545.8176448259355,812295,0,96,1
toulouse,39858,1,6256.8486,949.1801025838854,6902678,1,6256.8486,949.1801025838854,1898038,0,143,1
toulouse,39858,1,12136.554,734.7079235992433,9019841,1,12136.554,734.7079235992433,6114650,0,88,1
toulouse,39858,1,4710.5894,720.4267173246653,6099249,1,4710.5894,720.4267173246653,2567770,0,101,1
toulouse,39858,1,11026.941,1231.5487327194207,15430630,1,11026.941,1231.5487327194207,4121146,0,221,1
toulouse,39858,1,2226.5332,168.03860156576977,483968,1,2226.5332,168.03860156576977,156029,0,50,1
toulouse,39858,1,11949.517,1336.6235862072542,11067696,1,11949.517,1336.6235862072542,7654790,0,298,1
toulouse,39858,1,2588.4019,767.1972001075745,1418701,1,2588.4019,767.1972001075745,476953,0,57,1
toulouse,39858,1,5422.9595,465.963204288074,2006688,1,5422.9595,465.963204288074,970636,0,83,1
toulouse,39858,0,-1,-1,15865489,0,-1,-1,29943023,0,0,1
toulouse,39858,0,-1,-1,32517,0,-1,-1,63409,0,0,1
toulouse,39858,1,9574.514,1568.5638720932016,15416140,1,9574.514,1568.5638720932016,6857123,0,100,1
toulouse,39858,0,-1,-1,39316,0,-1,-1,30121,0,0,1
toulouse,39858,1,6328.8813,1295.6134749420698,12101580,1,6328.8813,1295.6134749420698,3387480,0,163,1
toulouse,39858,1,3481.1343,249.24220684814446,2421155,1,3481.1343,249.24220684814446,928948,0,47,1
toulouse,39858,1,9722.431,1214.569871409416,21875730,1,9722.431,1214.569871409416,6567900,0,251,1
toulouse,39858,1,5133.022,442.75367203330995,9330706,1,5133.022,442.75367203330995,2396575,0,101,1
toulouse,39858,1,7864.478,933.7309019336705,13499912,1,7864.478,933.7309019336705,5426398,0,163,1
toulouse,39858,1,4284.7593,421.49047376632694,5445049,1,4284.7593,421.49047376632694,1281747,0,67,1
toulouse,39858,1,6109.2285,554.0526264410017,10841588,1,6109.2285,554.0526264410017,2377732,0,114,1
toulouse,39858,1,9147.883,1132.295265841484,23125473,1,9147.883,1132.295265841484,9332195,0,238,1
toulouse,39858,1,10421.901,1716.036685565403,17240747,1,10421.901,1716.036685565403,5848052,0,201,1
toulouse,39858,0,-1,-1,16358,0,-1,-1,7702,0,0,1
toulouse,39858,1,8504.411,1439.3140527820588,8769165,1,8504.411,1439.3140527820588,4103051,0,132,1
toulouse,39858,1,5842.124,1042.2307198350097,11647059,1,5842.124,1042.2307198350097,3230746,0,131,1
toulouse,39858,1,5995.556,676.0502663040163,9003616,1,5995.556,676.0502663040163,3207794,0,116,1
toulouse,39858,1,7939.2427,949.9991449579169,16262537,1,7939.2427,949.9991449579169,2624782,0,174,1
toulouse,39858,1,5806.224,993.9042845600675,10059926,1,5806.224,993.9042845600675,3661445,0,141,1
toulouse,39858,1,3045.3145,353.5374508037566,1036151,1,3045.3145,353.5374508037566,717548,0,86,1
toulouse,39858,0,-1,-1,20552202,0,-1,-1,33082702,0,0,1
toulouse,39858,1,4645.4087,498.1966477756501,3037786,1,4645.4087,498.1966477756501,1584978,0,103,1
toulouse,39858,1,4681.59,769.5201243847439,8705866,1,4681.59,769.5201243847439,1717012,0,99,1
toulouse,39858,1,1635.492,342.4762669219971,668725,1,1635.492,342.4762669219971,269869,0,40,1
toulouse,39858,0,-1,-1,18435245,0,-1,-1,31195990,0,0,1
toulouse,39858,1,13803.758,674.9587574379261,13274742,1,13803.758,674.9587574379261,8527738,0,85,1
toulouse,39858,1,3566.3284,579.3128225154878,2812505,1,3566.3284,579.3128225154878,1150013,0,83,1
toulouse,39858,0,-1,-1,18735236,0,-1,-1,33585421,0,0,1
toulouse,39858,1,8061.5044,1185.280729090691,10824121,1,8061.5044,1185.280729090691,3936687,0,143,1
toulouse,39858,1,6717.7666,537.6070125350955,7667539,1,6717.7666,537.6070125350955,3355018,0,150,1
toulouse,39858,1,5645.9355,503.25579500620705,10307679,1,5645.9355,503.25579500620705,1244766,0,108,1
toulouse,39858,0,-1,-1,55555,0,-1,-1,75476,0,0,1
toulouse,39858,1,13332.723,2251.7289026944295,17434470,1,13332.723,2251.7289026944295,13395702,0,226,1
toulouse,39858,1,6727.6514,876.1309060649869,8365206,1,6727.6514,876.1309060649869,5283476,0,167,1
toulouse,39858,1,6284.96,592.3980285448348,10575404,1,6284.96,592.3980285448348,2079166,0,112,1
toulouse,39858,0,-1,-1,94895,0,-1,-1,58553,0,0,1
toulouse,39858,1,7645.306,1074.3974189496719,6504560,1,7645.306,1074.3974189496719,2490613,0,109,1
toulouse,39858,1,4522.8647,823.1718188332147,7391193,1,4522.8647,823.1718188332147,2481473,0,113,1
toulouse,39858,1,13832.799,1467.4512415598795,18403290,1,13832.799,1467.4512415598795,10557137,0,240,1
toulouse,39858,1,2405.7324,677.9065497894287,1907678,1,2405.7324,677.9065497894287,530548,0,47,1
toulouse,39858,0,-1,-1,23759609,0,-1,-1,44410236,0,0,1
toulouse,39858,1,8334.921,816.7927857540885,15803491,1,8334.921,816.7927857540885,3178259,0,125,1
toulouse,39858,1,7072.938,615.043583215986,2336092,1,7072.938,615.043583215986,578732,0,151,1
toulouse,39858,1,9612.066,1440.3904960982463,20295828,1,9612.066,1440.3904960982463,7155788,0,226,1
toulouse,39858,1,6477.2534,676.3637674593247,13198286,1,6477.2534,676.3637674593247,2356201,0,98,1
toulouse,39858,1,11911.982,1109.325775698253,19888275,1,11911.982,1109.325775698253,11702323,0,255,1
toulouse,39858,1,5026.713,598.2354907975879,6087251,1,5026.713,598.2354907975879,972495,0,94,1
toulouse,39858,1,11534.147,1051.385568154335,16671721,1,11534.147,1051.385568154335,12451463,0,238,1
toulouse,39858,1,7716.711,1285.8267659969335,14227879,1,7716.711,1285.8267659969335,5814746,0,161,1
toulouse,39858,1,7035.301,722.4445663290023,12561724,1,7035.301,722.4445663290023,2474980,0,160,1
toulouse,39858,1,9076.234,1011.0345872430802,6068651,1,9076.234,1011.0345872430802,5144779,0,188,1
toulouse,39858,1,12645.503,1595.3680893729063,16212540,1,12645.503,1595.3680893729063,6333484,0,314,1
toulouse,39858,1,8126.3,857.316302436012,14209574,1,8126.3,857.316302436012,3105075,0,206,1
toulouse,39858,0,-1,-1,18909591,0,-1,-1,33484138,0,0,1
toulouse,39858,1,5436.8784,738.3744767240794,9809138,1,5436.8784,738.3744767240794,748849,0,90,1
toulouse,39858,0,-1,-1,18324223,0,-1,-1,32457411,0,0,1
toulouse,39858,1,5259.9297,453.745055179596,8436355,1,5259.9297,453.745055179596,2309002,0,93,1
toulouse,39858,1,6573.2256,887.6532159290314,10593969,1,6573.2256,887.6532159290314,4458460,0,115,1
toulouse,39858,1,3438.3027,529.8960110321045,2524247,1,3438.3027,529.8960110321045,515519,0,59,1
toulouse,39858,1,6777.6226,910.8305909835273,11217848,1,6777.6226,910.8305909835273,4801468,0,132,1
toulouse,39858,1,7015.8477,1318.4057729424067,9315612,1,7015.8477,1318.4057729424067,5218376,0,157,1
toulouse,39858,1,5306.503,1004.7432434508463,9884466,1,5306.503,1004.7432434508463,2514667,0,117,1
toulouse,39858,1,4290.7744,389.3579342536925,5304321,1,4290.7744,389.3579342536925,422798,0,94,1
toulouse,39858,1,7091.7617,793.4565622901916,15472896,1,7091.7617,793.4565622901916,2652147,0,207,1
toulouse,39858,1,313.33505,37.60020446777344,21717,1,313.33505,37.60020446777344,15731,0,5,1
toulouse,39858,1,9239.031,1142.5440003762924,12406338,1,9239.031,1142.5440003762924,3677311,0,177,1
toulouse,39858,1,6159.87,585.0835532390049,5314960,1,6159.87,585.0835532390049,4745443,0,90,1
toulouse,39858,0,-1,-1,40014,0,-1,-1,48443,0,0,1
toulouse,39858,1,12474.791,1212.2663195014684,17380488,1,12474.791,1212.2663195014684,8098671,0,280,1
toulouse,39858,1,8838.977,1292.275633942059,15811967,1,8838.977,1292.275633942059,5832942,0,198,1
toulouse,39858,1,10860.821,2079.6799626327243,14044936,1,10860.821,2079.6799626327243,8176536,0,167,1
toulouse,39858,1,3081.4944,820.050451904297,2796420,1,3081.4944,820.050451904297,964593,0,81,1
toulouse,39858,1,8619.565,1040.0865193576813,8504252,1,8619.565,1040.0865193576813,4520765,0,173,1
toulouse,39858,1,3722.9124,917.0401098583773,3546418,1,3722.9124,917.0401098583773,1422770,0,88,1
toulouse,39858,1,8147.3877,1085.2867245422094,13627635,1,8147.3877,1085.2867245422094,5374172,0,192,1
toulouse,39858,1,12429.466,1061.471695190702,15388360,1,12429.466,1061.471695190702,7479097,0,247,1
toulouse,39858,1,4335.276,1062.5374444169997,5021137,1,4335.276,1062.5374444169997,1234157,0,93,1
toulouse,39858,1,13687.919,1835.066986233574,18227680,1,13687.919,1835.066986233574,12479196,0,283,1
toulouse,39858,1,6548.0835,747.2451578918183,8556440,1,6548.0835,747.2451578918183,5635462,0,106,1
toulouse,39858,0,-1,-1,25075,0,-1,-1,27828,0,0,1
toulouse,39858,1,15261.164,1005.8341177389965,16713096,1,15261.164,1005.8341177389965,8878822,0,160,1
toulouse,39858,1,10179.439,1386.4217590227124,16281250,1,10179.439,1386.4217590227124,6870878,0,214,1
toulouse,39858,1,9995.128,763.0320250463483,10691810,1,9995.128,763.0320250463483,6739914,0,169,1
toulouse,39858,1,11527.812,1585.2017001058193,19071875,1,11527.812,1585.2017001058193,18621991,0,146,1
toulouse,39858,1,9819.487,1130.7006559442802,19718829,1,9819.487,1130.7006559442802,10037857,0,193,1
toulouse,39858,0,-1,-1,18815249,0,-1,-1,34609885,0,0,1
toulouse,39858,1,1095.9052,175.43488273021154,417277,1,1095.9052,175.43488273021154,232153,0,41,1
toulouse,39858,1,7416.5654,2034.1061276869093,15302749,1,7416.5654,2034.1061276869093,1751593,0,165,1
toulouse,39858,1,11415.825,1659.377520515442,15242455,1,11415.825,1659.377520515442,7879570,0,93,1
toulouse,39858,1,12379.614,1628.6244287633908,18046363,1,12379.614,1628.6244287633908,10132525,0,319,1
toulouse,39858,1,10480.435,1007.8626127223969,19814945,1,10480.435,1007.8626127223969,6055959,0,217,1
toulouse,39858,1,8221.03,906.7131938236782,18166348,1,8221.03,906.7131938236782,8425669,0,184,1
toulouse,39858,1,6832.6377,695.26968813106,6080315,1,6832.6377,695.26968813106,2146859,0,147,1
toulouse,39858,1,5903.887,1133.5975354900356,6204756,1,5903.887,1133.5975354900356,1192739,0,75,1
toulouse,39858,1,12383.677,707.395530849457,13217735,1,12383.677,707.395530849457,4593893,0,92,1
toulouse,39858,1,12258.305,1835.736176387514,15685297,1,12258.305,1835.736176387514,9911415,0,255,1
toulouse,39858,1,12696.562,1269.600635387421,18089365,1,12696.562,1269.600635387421,10353659,0,240,1
toulouse,39858,1,4395.7715,555.0454409899028,6463781,1,4395.7715,555.0454409899028,1995360,0,95,1
toulouse,39858,1,2478.7725,293.59509917449964,1214455,1,2478.7725,293.59509917449964,179116,0,48,1
toulouse,39858,1,6829.948,941.8582306774689,6258875,1,6829.948,941.8582306774689,2999417,0,163,1
toulouse,39858,0,-1,-1,22643406,0,-1,-1,36536410,0,0,1
toulouse,39858,1,3558.6409,469.71394823169715,5734816,1,3558.6409,469.71394823169715,604769,0,100,1
toulouse,39858,1,5305.0537,685.9930332592554,5689038,1,5305.0537,685.9930332592554,1100609,0,129,1
toulouse,39858,1,4634.257,391.9993480453491,6266632,1,4634.257,391.9993480453491,1137744,0,72,1
toulouse,39858,1,1040.8927,116.7379253025055,223991,1,1040.8927,116.7379253025055,65593,0,17,1
toulouse,39858,1,9227.061,1078.4743375968933,13853213,1,9227.061,1078.4743375968933,6088430,0,200,1
toulouse,39858,1,3933.6194,1092.0337302703858,1211862,1,3933.6194,1092.0337302703858,584393,0,86,1
toulouse,39858,0,-1,-1,20066404,0,-1,-1,33062371,0,0,1
toulouse,39858,1,6371.0474,1267.5411591527118,9634741,1,6371.0474,1267.5411591527118,3418539,0,171,1
toulouse,39858,1,5855.7676,1198.5438449658618,7501956,1,5855.7676,1198.5438449658618,1857968,0,63,1
toulouse,39858,1,5912.923,722.6549806979044,3003345,1,5912.923,722.6549806979044,1977287,0,103,1
toulouse,39858,1,12260.366,1171.8109273766115,14848239,1,12260.366,1171.8109273766115,8909254,0,208,1
toulouse,39858,1,5772.547,818.2466924302237,9272070,1,5772.547,818.2466924302237,2176805,0,124,1
toulouse,39858,1,3134.414,317.8748337135315,1403852,1,3134.414,317.8748337135315,392915,0,57,1
toulouse,39858,1,17320.107,1503.8256829515183,18181188,1,17320.107,1503.8256829515183,13713612,0,368,1
toulouse,39858,0,-1,-1,24192700,0,-1,-1,35921763,0,0,1
toulouse,39858,1,3088.4219,304.45411208438867,1976628,1,3088.4219,304.45411208438867,334675,0,49,1
toulouse,39858,0,-1,-1,15229,0,-1,-1,13936,0,0,1
toulouse,39858,1,6331.786,1121.0641633701323,15530509,1,6331.786,1121.0641633701323,3698336,0,107,1
toulouse,39858,1,6313.7324,699.986861680984,12063762,1,6313.7324,699.986861680984,1997626,0,144,1
toulouse,39858,1,1777.2078,156.9669928539821,330702,1,1777.2078,156.9669928539821,244058,0,38,1
toulouse,39858,1,5104.5483,948.9364301652912,9708710,1,5104.5483,948.9364301652912,2878769,0,94,1
toulouse,39858,1,3269.2363,752.1956200332639,1975807,1,3269.2363,752.1956200332639,629909,0,61,1
toulouse,39858,1,11875.809,1132.3828139662055,13276550,1,11875.809,1132.3828139662055,5772442,0,229,1
toulouse,39858,1,7655.267,1448.2819577762057,6757592,1,7655.267,1448.2819577762057,2522780,0,103,1
toulouse,39858,1,12572.511,1265.4553210830686,9332657,1,12572.511,1265.4553210830686,8696801,0,248,1
toulouse,39858,1,11149.406,1784.0279688025876,18532069,1,11149.406,1784.0279688025876,14339702,0,215,1
toulouse,39858,1,5138.968,763.5835728435518,9023564,1,5138.968,763.5835728435518,3337987,0,99,1
toulouse,39858,1,10940.836,1617.0515944742822,9143750,1,10940.836,1617.0515944742822,8679794,0,191,1
toulouse,39858,1,2924.0876,435.96290775673737,1238507,1,2924.0876,435.96290775673737,758123,0,71,1
toulouse,39858,1,3616.891,373.2657827711106,5985429,1,3616.891,373.2657827711106,789710,0,93,1
toulouse,39858,1,8992.232,819.3204873679242,11875334,1,8992.232,819.3204873679242,3216110,0,127,1
toulouse,39858,1,5449.5127,992.6766479816436,10668140,1,5449.5127,992.6766479816436,1467659,0,137,1
toulouse,39858,1,10956.838,1414.9043861299238,18354736,1,10956.838,1414.9043861299238,7559181,0,219,1
toulouse,39858,1,6239.9443,810.3949173390524,8497874,1,6239.9443,810.3949173390524,2576656,0,123,1
toulouse,39858,1,9695.525,2135.203645227568,11206157,1,9695.525,2135.203645227568,7986092,0,233,1
toulouse,39858,1,8551.54,908.3148777484894,13171696,1,8551.54,908.3148777484894,3971533,0,180,1
toulouse,39858,1,3396.6123,603.6887041955677,2685992,1,3396.6123,603.6887041955677,1242456,0,90,1
toulouse,39858,1,793.8791,180.09189410018922,356197,1,793.8791,180.09189410018922,224894,0,31,1
toulouse,39858,1,9602.704,1183.9797851114276,20795894,1,9602.704,1183.9797851114276,8108680,0,223,1
toulouse,39858,1,9074.6875,896.370277739117,15294294,1,9074.6875,896.370277739117,10476595,0,209,1
toulouse,39858,1,12080.462,2195.288483053209,13108540,1,12080.462,2195.288483053209,9276421,0,107,1
toulouse,39858,1,8752.34,1120.8320086154936,15573984,1,8752.34,1120.8320086154936,2394249,0,161,1
toulouse,39858,1,10214.116,1810.987596278873,14270741,1,10214.116,1810.987596278873,4108330,0,117,1
toulouse,39858,1,10425.882,575.1029202924458,8426802,1,10425.882,575.1029202924458,1701451,0,101,1
toulouse,39858,1,5501.7407,701.7259340400693,4081360,1,5501.7407,701.7259340400693,1840592,0,80,1
toulouse,39858,1,10566.085,1304.742622535978,12195769,1,10566.085,1304.742622535978,6835375,0,179,1
toulouse,39858,1,6574.611,688.1601740594589,6121880,1,6574.611,688.1601740594589,2193503,0,149,1
toulouse,39858,1,14621.534,1344.4430513801576,18431270,1,14621.534,1344.4430513801576,13721298,0,326,1
toulouse,39858,1,2223.299,287.57901284408575,412860,1,2223.299,287.57901284408575,98946,0,33,1
toulouse,39858,1,6550.1055,839.1051691846837,3921430,1,6550.1055,839.1051691846837,2953171,0,147,1
toulouse,39858,1,7543.2446,1252.7188870378218,18084847,1,7543.2446,1252.7188870378218,4088269,0,169,1
toulouse,39858,1,9569.894,1179.4940517364232,9575702,1,9569.894,1179.4940517364232,17880944,3,218,1
toulouse,39858,0,-1,-1,14748497,0,-1,-1,28899584,3,0,1
toulouse,39858,1,7888.065,786.04253675202,4380795,1,7888.065,786.04253675202,9398698,3,155,1
toulouse,39858,0,-1,-1,39914,0,-1,-1,72510,3,0,1
toulouse,39858,0,-1,-1,12068,0,-1,-1,11125,3,0,1
toulouse,39858,1,9376.205,1328.6852958478926,14571598,1,9376.205,1328.6852958478926,31588024,3,242,1
toulouse,39858,1,6672.164,823.5143133820125,7653174,1,6672.164,823.5143133820125,16805103,3,122,1
toulouse,39858,1,4194.787,1172.0817334671024,1171688,1,4194.787,1172.0817334671024,2638588,3,98,1
toulouse,39858,0,-1,-1,16635314,0,-1,-1,28803655,3,0,1
toulouse,39858,1,3133.3237,252.42457711029056,2868437,1,3133.3237,252.42457711029056,5352453,3,64,1
toulouse,39858,1,2596.2883,605.9763214596339,1077951,1,2596.2883,605.9763214596339,1855222,3,56,1
toulouse,39858,0,-1,-1,14987120,0,-1,-1,30059139,3,0,1
toulouse,39858,0,-1,-1,14761433,0,-1,-1,26869123,3,0,1
toulouse,39858,1,13055.86,1581.2440059490198,12898896,1,13055.86,1581.2440059490198,25886808,3,196,1
toulouse,39858,1,4935.7363,561.9710483706336,7055203,1,4935.7363,561.9710483706336,12719781,3,94,1
toulouse,39858,0,-1,-1,16616635,0,-1,-1,29450317,3,0,1
toulouse,39858,0,-1,-1,80303,0,-1,-1,64579,3,0,1
toulouse,39858,1,5513.8135,848.7147550915314,10625002,1,5513.8135,848.7147550915314,18087975,3,138,1
toulouse,39858,1,7731.8247,1039.7584008579254,10237370,1,7731.8247,1039.7584008579254,20407248,3,150,1
toulouse,39858,1,3126.801,428.765342042923,3833206,1,3126.801,428.765342042923,6335391,3,81,1
toulouse,39858,1,4454.3823,330.65503226852417,4498377,1,4454.3823,330.65503226852417,10180836,3,52,1
toulouse,39858,1,8593.036,634.721170952797,10661958,1,8593.036,634.721170952797,23962838,3,205,1
toulouse,39858,0,-1,-1,27669,0,-1,-1,18605,3,0,1
toulouse,39858,1,13357.293,1609.6639343531467,15304612,1,13359.139,1597.5702703440527,26985013,3,221,0
toulouse,39858,0,-1,-1,15478585,0,-1,-1,28436335,3,0,1
toulouse,39858,1,8585.3545,1164.9072424785072,3616550,1,8585.3545,1164.9072424785072,7733564,3,183,1
toulouse,39858,1,13367.222,1337.3201383329124,11032837,1,13367.222,1337.3201383329124,23765143,3,300,1
toulouse,39858,1,3255.2634,425.1693400468826,3939481,1,3255.2634,425.1693400468826,8421634,3,85,1
toulouse,39858,1,12930.63,1102.3152216944013,12603324,1,12930.63,1102.3152216944013,26890169,3,285,1
toulouse,39858,0,-1,-1,13721,0,-1,-1,14821,3,0,1
toulouse,39858,1,6842.626,1487.4582408428191,2661999,1,6842.626,1487.4582408428191,6833822,3,93,1
toulouse,39858,0,-1,-1,16268635,0,-1,-1,31550349,3,0,1
toulouse,39858,1,6889.0757,1070.449663817406,12962171,1,6889.0757,1070.449663817406,24621890,3,190,1
toulouse,39858,0,-1,-1,14992050,0,-1,-1,28718552,3,0,1
toulouse,39858,1,7605.491,913.9445975200109,6235315,1,7605.491,913.9445975200109,10036898,3,110,1
toulouse,39858,1,9255.29,916.3056616762705,11748026,1,9255.29,916.3056616762705,22887306,3,219,1
toulouse,39858,1,7449.1343,896.6065713567733,9793274,1,7449.1343,896.6065713567733,18791228,3,224,1
toulouse,39858,0,-1,-1,14867166,0,-1,-1,28846053,3,0,1
toulouse,39858,1,1674.9521,745.587482723236,1050171,1,1674.9521,745.587482723236,1884576,3,42,1
toulouse,39858,1,3219.493,244.6417665628706,1758625,1,3219.493,244.6417665628706,3506829,3,48,1
toulouse,39858,1,7385.0513,909.844895665169,2626752,1,7385.0513,909.844895665169,5975248,3,73,1
toulouse,39858,0,-1,-1,15715028,0,-1,-1,27398910,3,0,1
toulouse,39858,0,-1,-1,58093,0,-1,-1,62679,3,0,1
toulouse,39858,1,2285.0908,287.63967045593245,1106178,1,2285.0908,287.63967045593245,2081987,3,49,1
toulouse,39858,0,-1,-1,13641835,0,-1,-1,29421034,3,0,1
toulouse,39858,1,8790.515,961.1653976335531,16292389,1,8790.515,961.1653976335531,29538238,3,225,1
toulouse,39858,1,11411.191,1682.8553669868188,14818336,1,11413.037,1670.7617029777246,27048176,3,254,0
toulouse,39858,1,6493.9272,621.9355034057074,11474306,1,6493.9272,621.9355034057074,21218662,3,150,1
toulouse,39858,0,-1,-1,18029,0,-1,-1,21994,3,0,1
toulouse,39858,0,-1,-1,25513,0,-1,-1,25631,3,0,1
toulouse,39858,1,8184.502,997.0181349449158,3491635,1,8184.502,997.0181349449158,5522238,3,177,1
toulouse,39858,1,6910.9253,732.3901801219666,12259145,1,6910.9253,732.3901801219666,19919244,3,184,1
toulouse,39858,1,9691.546,781.2099507457185,4808350,1,9691.546,781.2099507457185,10325993,3,206,1
toulouse,39858,1,8113.829,901.6023689975738,9017416,1,8113.829,901.6023689975738,17794079,3,136,1
toulouse,39858,0,-1,-1,15256061,0,-1,-1,28179521,3,0,1
hg,157890,1,21511.914,2680.77590158326,56496804,1,21511.914,2680.77590158326,16356626,0,304,1
hg,157890,1,47993.09,3591.9077282232784,83610081,1,47993.09,3591.9077282232784,7655032,0,276,1
hg,157890,1,8885.898,756.1461462459565,5188080,1,8885.898,756.1461462459565,3346713,0,87,1
hg,157890,1,3089.2473,225.43468479919437,270005,1,3089.2473,225.43468479919437,72268,0,20,1
hg,157890,1,32791.68,2467.5025674657304,32919479,1,32791.68,2467.5025674657304,13169603,0,243,1
hg,157890,1,774.4164,72.48159355545043,239870,1,774.4164,72.48159355545043,76300,0,20,1
hg,157890,1,44460.28,3073.5468423984917,77869732,1,44460.28,3073.5468423984917,67592947,0,471,1
hg,157890,1,15897.738,2510.05671980095,32797861,1,15897.738,2510.05671980095,3132270,0,107,1
hg,157890,1,20131.379,1517.3859686287478,50447163,1,20131.379,1517.3859686287478,9451390,0,256,1
hg,157890,1,37933.85,1414.6147609077661,13090291,1,37933.85,1414.6147609077661,965362,0,126,1
hg,157890,1,49492.168,4274.521573767934,80310515,1,49492.168,4274.521573767934,26932297,0,298,1
hg,157890,1,33420.555,2888.9640870437634,25086957,1,33420.555,2888.9640870437634,16199253,0,311,1
hg,157890,1,104040.31,5199.832596590495,174840419,1,104040.31,5199.832596590495,115899444,0,596,1
hg,157890,1,21364.621,2014.1987983946128,45872733,1,21364.621,2014.1987983946128,2659966,0,146,1
hg,157890,1,19871.684,1902.633330598286,48626487,1,19871.684,1902.633330598286,37889399,0,313,1
hg,157890,1,16792.074,1372.0285735729549,31643615,1,16792.074,1372.0285735729549,11638890,0,205,1
hg,157890,1,29930.861,2647.53690809495,55579958,1,29930.861,2647.53690809495,20116305,0,312,1
hg,157890,1,81571.516,6490.577083163394,73876812,1,81571.516,6490.577083163394,93555247,0,501,1
hg,157890,1,32202.082,3548.620954739979,20815988,1,32202.082,3548.620954739979,8558130,0,235,1
hg,157890,1,7410.8926,990.7509308392669,15095626,1,7410.8926,990.7509308392669,4200543,0,182,1
hg,157890,1,29611.434,2464.9362836870446,41714205,1,29611.434,2464.9362836870446,18264008,0,472,1
hg,157890,1,36154.95,1945.2637765364673,43410194,1,36154.95,1945.2637765364673,12492875,0,195,1
hg,157890,1,47632.09,3759.106545744488,19697606,1,47632.09,3759.106545744488,7299033,0,384,1
hg,157890,1,2210.1912,386.2240415611266,571025,1,2210.1912,386.2240415611266,117525,0,22,1
hg,157890,1,33280.73,2208.130678837366,56659898,1,33280.73,2208.130678837366,3207676,0,235,1
hg,157890,1,6387.5356,548.4332960615156,14018293,1,6387.5356,548.4332960615156,2716962,0,135,1
hg,157890,1,34111.613,2306.786421911238,64268287,1,34111.613,2306.786421911238,5680947,0,183,1
hg,157890,1,28552.822,2366.326877970171,58091822,1,28552.822,2366.326877970171,46275027,0,370,1
hg,157890,1,45073.86,2554.795350316592,34180284,1,45073.86,2554.795350316592,3352093,0,250,1
hg,157890,1,80034.234,5408.268235362046,18829678,1,80034.234,5408.268235362046,7461636,0,310,1
hg,157890,1,6755.0664,979.751421562331,18947118,1,6755.0664,979.751421562331,4097219,0,168,1
hg,157890,1,57759.176,3296.003657101074,79099999,1,57759.176,3296.003657101074,66287429,0,318,1
hg,157890,1,35753.414,2524.2677867175507,65645385,1,35753.414,2524.2677867175507,34048650,0,338,1
hg,157890,1,47308.383,2140.745070549012,67836213,1,47308.383,2140.745070549012,3549741,0,168,1
hg,157890,1,20743.006,1890.9599446334832,28848309,1,20743.006,1890.9599446334832,5132417,0,163,1
hg,157890,1,10520.244,1907.8626261892318,16975801,1,10520.244,1907.8626261892318,4980723,0,194,1
hg,157890,1,43097.51,3233.4460124819666,39019248,1,43097.51,3233.4460124819666,18196026,0,334,1
hg,157890,1,17197.23,2293.1698058579514,32975441,1,17197.23,2293.1698058579514,13032712,0,298,1
hg,157890,1,18232.549,2202.082846902304,33125125,1,18232.549,2202.082846902304,6014885,0,205,1
hg,157890,1,20807.22,1594.2549505872614,42483061,1,20807.22,1594.2549505872614,4173852,0,114,1
hg,157890,1,36603.35,4269.8195773330435,63665993,1,36603.35,4269.8195773330435,33429514,0,402,1
hg,157890,1,23434.488,2006.1575563794543,13080974,1,23434.488,2006.1575563794543,2767492,0,179,1
hg,157890,1,4982.9863,468.0516707594735,3616571,1,4982.9863,468.0516707594735,2619711,0,90,1
hg,157890,1,68801.91,4850.049182606694,81509978,1,68801.91,4850.049182606694,49824938,0,415,1
hg,157890,1,52617.324,3937.926362790789,30785492,1,52617.324,3937.926362790789,7231300,0,347,1
hg,157890,1,20421.492,2253.6203813761313,38990729,1,20421.492,2253.6203813761313,22870694,0,433,1
hg,157890,0,-1,-1,64006,0,-1,-1,36643,0,0,1
hg,157890,1,12812.582,1095.250797703879,31533183,1,12812.582,1095.250797703879,2914454,0,147,1
hg,157890,1,87457.91,6162.881342379117,31238718,1,87457.91,6162.881342379117,18265516,0,487,1
hg,157890,1,29513.176,2409.6867633574366,56754663,1,29513.176,2409.6867633574366,14933625,0,206,1
hg,157890,1,13455.473,1792.6215412292477,13969029,1,13455.473,1792.6215412292477,1876920,0,150,1
hg,157890,1,6364.7393,478.3305836775641,11089195,1,6364.7393,478.3305836775641,581273,0,146,1
hg,157890,1,16258.432,1628.629843764169,14589712,1,16258.432,1628.629843764169,3916271,0,210,1
hg,157890,1,8467.132,898.2265321931839,9833085,1,8467.132,898.2265321931839,2493069,0,213,1
hg,157890,1,25254.223,1712.2417105135103,51465796,1,25254.223,1712.2417105135103,33113388,0,224,1
hg,157890,1,22069.867,1939.8948210803444,48447638,1,22069.867,1939.8948210803444,18553482,0,240,1
hg,157890,1,29734.117,2642.4114907407757,57847095,1,29734.117,2642.4114907407757,8864219,0,224,1
hg,157890,1,25681.98,2190.0448571477614,33426028,1,25681.98,2190.0448571477614,12089010,0,240,1
hg,157890,1,29351.443,4069.787424436024,53431706,1,29351.443,4069.787424436024,21968338,0,422,1
hg,157890,1,38286.953,2543.028563486687,65597378,1,38286.953,2543.028563486687,20134690,0,168,1
hg,157890,1,30023.42,3757.839533159663,44644728,1,30023.42,3757.839533159663,25753990,0,434,1
hg,157890,1,44707.8,3830.7595429513103,13343182,1,44707.8,3830.7595429513103,3105184,0,189,1
hg,157890,1,102814.52,8098.216406171259,59878850,1,102814.52,8098.216406171259,20191156,0,510,1
hg,157890,1,13893.618,2252.726837659018,22013861,1,13893.618,2252.726837659018,3660868,0,171,1
hg,157890,1,77293.625,4373.130871914104,19315381,1,77293.625,4373.130871914104,11562279,0,391,1
hg,157890,1,119818.2,5875.735850143867,17048000,1,119818.2,5875.735850143867,19712966,0,459,1
hg,157890,1,5327.455,434.964757396153,3747368,1,5327.455,434.964757396153,915370,0,124,1
hg,157890,1,130402.766,10483.452843101228,79232754,1,130402.766,10483.452843101228,94529019,0,668,1
hg,157890,1,11418.093,1235.0627557571956,21423348,1,11418.093,1235.0627557571956,3572917,0,114,1
hg,157890,1,54056.336,3952.8793347677506,76799885,1,54056.336,3952.8793347677506,38026330,0,427,1
hg,157890,1,137433.02,8793.953409257947,77963307,1,137433.02,8793.953409257947,106700454,0,658,1
hg,157890,1,12185.441,704.7974973634991,27644142,1,12185.441,704.7974973634991,5467290,0,108,1
hg,157890,1,9145.05,658.7049890804294,30593580,1,9145.05,658.7049890804294,3646844,0,91,1
hg,157890,1,76718.15,3204.8561121130083,85555377,1,76718.15,3204.8561121130083,13086648,0,260,1
hg,157890,1,88209.73,6230.5088673763885,78715513,1,88209.73,6230.5088673763885,34120211,0,460,1
hg,157890,1,21294.904,1565.169805019106,15320745,1,21294.904,1565.169805019106,3158222,0,189,1
hg,157890,1,35996.13,3152.2049784124865,54447634,1,35996.13,3152.2049784124865,19439100,0,599,1
hg,157890,1,13929.318,1231.5212025641029,21321626,1,13929.318,1231.5212025641029,1965408,0,205,1
hg,157890,1,41261.453,3115.087106048378,68742828,1,41261.453,3115.087106048378,30287555,0,430,1
hg,157890,1,6368.983,468.8512751279557,1101104,1,6368.983,468.8512751279557,370398,0,78,1
hg,157890,1,14510.287,1769.9608132577616,15086032,1,14510.287,1769.9608132577616,5840086,0,239,1
hg,157890,1,65288.12,4129.67027813055,92657949,1,65288.12,4129.67027813055,10645307,0,302,1
hg,157890,1,39522.176,3728.92605548123,63818679,1,39522.176,3728.92605548123,30085085,0,469,1
hg,157890,1,31779.084,2014.375366729464,46808524,1,31779.084,2014.375366729464,2967871,0,257,1
hg,157890,1,107805.52,8165.209450234827,79579355,1,107805.52,8165.209450234827,119874818,0,774,1
hg,157890,1,24477.773,2061.53947931242,21330172,1,24477.773,2061.53947931242,9399643,0,238,1
hg,157890,1,13854.569,1586.4597758977068,36707776,1,13854.569,1586.4597758977068,7149234,0,144,1
hg,157890,1,48978.06,4795.404977663583,70335776,1,48978.06,4795.404977663583,59872850,0,578,1
hg,157890,1,141637.06,8410.00216929371,81207656,1,141637.06,8410.00216929371,136697004,0,789,1
hg,157890,1,37069.574,3120.3000097525446,5402831,1,37069.574,3120.3000097525446,2072030,0,105,1
hg,157890,1,5859.949,781.912067218508,5488225,1,5859.949,781.912067218508,2557540,0,93,1
hg,157890,1,40425.996,3257.8439217611044,52809507,1,40425.996,3257.8439217611044,30275947,0,606,1
hg,157890,1,106831.67,7565.304658587817,82172459,1,106831.67,7565.304658587817,106364623,0,515,1
hg,157890,1,37708.223,2628.560493062552,68796940,1,37708.223,2628.560493062552,41922751,0,383,1
hg,157890,1,14931.58,1097.9467725608015,7714861,1,14931.58,1097.9467725608015,5306661,0,165,1
hg,157890,1,14299.48,1289.4935628465926,23123685,1,14299.48,1289.4935628465926,4090220,0,150,1
hg,157890,1,16241.293,1392.6645852279669,46952308,1,16241.293,1392.6645852279669,12574446,0,185,1
hg,157890,1,30010.879,3003.3037381796144,62963848,1,30010.879,3003.3037381796144,31982351,0,367,1
hg,157890,1,19426.691,1082.345117759117,31157825,1,19426.691,1082.345117759117,1892648,0,125,1
hg,157890,1,10427.525,1338.9129645889823,32443552,1,10427.525,1338.9129645889823,9055747,0,213,1
hg,157890,1,41258.707,3181.74934019959,44007345,1,41258.707,3181.74934019959,31880682,0,321,1
hg,157890,1,16827.955,1191.8390430897305,37983512,1,16827.955,1191.8390430897305,10012550,0,141,1
hg,157890,1,33580.918,2951.8085212727874,44748379,1,33580.918,2951.8085212727874,16167021,0,190,1
hg,157890,1,39909.023,3324.8330354987547,57759875,1,39909.023,3324.8330354987547,36398949,0,343,1
hg,157890,1,24402.176,1770.9580387458807,6890123,1,24402.176,1770.9580387458807,1420118,0,119,1
hg,157890,1,17129.63,1311.4313674670627,23265303,1,17129.63,1311.4313674670627,8823270,0,178,1
hg,157890,1,31109.293,2423.8298137433158,44476679,1,31109.293,2423.8298137433158,6732968,0,257,1
hg,157890,1,29103.53,1979.5917928649355,64525204,1,29103.53,1979.5917928649355,18998709,0,243,1
hg,157890,1,17776.191,1335.5962395875113,43615798,1,17776.191,1335.5962395875113,2724158,0,104,1
hg,157890,1,22784.393,1820.8624716854106,19140112,1,22784.393,1820.8624716854106,5837181,0,206,1
hg,157890,1,17507.156,2395.812777517591,33722240,1,17507.156,2395.812777517591,12155516,0,257,1
hg,157890,1,17591.53,2355.521634362085,22005895,1,17591.53,2355.521634362085,12249418,0,227,1
hg,157890,1,10534.182,742.2262648514336,3969985,1,10534.182,742.2262648514336,1797371,0,119,1
hg,157890,1,22264.066,1634.2495854751724,58527671,1,22264.066,1634.2495854751724,30011710,0,270,1
hg,157890,1,107065.055,7362.076300581763,71278645,1,107065.055,7362.076300581763,132184650,0,797,1
hg,157890,1,65577.75,5952.788136344638,29403211,1,65577.75,5952.788136344638,10009298,0,420,1
hg,157890,1,25492.754,1418.3376799295845,57822483,1,25492.754,1418.3376799295845,7111452,0,186,1
hg,157890,1,3288.8777,448.762720147133,1345840,1,3288.8777,448.762720147133,709696,0,62,1
hg,157890,1,54485.777,4351.074154293609,73247791,1,54485.777,4351.074154293609,60507344,0,513,1
hg,157890,1,17819.422,2700.829455619812,21075019,1,17819.422,2700.829455619812,7731112,0,278,1
hg,157890,1,38080.426,4383.963013699528,64011664,1,38080.426,4383.963013699528,34371080,0,415,1
hg,157890,1,31540.322,2510.149239458086,26085351,1,31540.322,2510.149239458086,12336828,0,409,1
hg,157890,1,65142.625,4588.889055736626,74154979,1,65142.625,4588.889055736626,60878008,0,331,1
hg,157890,1,40161.836,4617.057919137819,64707999,1,40161.836,4617.057919137819,29172774,0,372,1
hg,157890,1,27554.938,3962.973919953345,58701357,1,27554.938,3962.973919953345,17675682,0,303,1
hg,157890,1,69601.14,5341.632227848799,68627334,1,69601.14,5341.632227848799,52245689,0,612,1
hg,157890,1,19573.834,1580.5345920753473,8798347,1,19573.834,1580.5345920753473,1917240,0,129,1
hg,157890,1,23405.97,2672.8431665766593,31076335,1,23405.97,2672.8431665766593,14802642,0,339,1
hg,157890,1,10449.828,1027.2138455482211,15228006,1,10449.828,1027.2138455482211,2460632,0,128,1
hg,157890,1,30870.285,3816.5047600524076,64610301,1,30870.285,3816.5047600524076,24147634,0,433,1
hg,157890,0,-1,-1,82990,0,-1,-1,36102,3,0,1
hg,157890,0,-1,-1,51971,0,-1,-1,22530,3,0,1
hg,157890,1,25859.783,2573.602720697539,47383369,1,25859.783,2573.602720697539,79620695,3,311,1
hg,157890,1,29240.322,2742.814400023321,55282716,1,29250.451,2332.3227128380354,92213345,3,326,0
hg,157890,1,8617.784,857.7107555833546,13164832,1,8617.784,857.7107555833546,22159128,3,155,1
hg,157890,1,130371.28,9896.042776468277,67836417,1,130417.01,9892.615112346923,120519172,3,526,0
hg,157890,1,14352.682,1140.9180269451144,27068749,1,14352.682,1140.9180269451144,49847601,3,293,1
hg,157890,1,103187.45,7285.753178587027,43095116,1,103187.45,7285.753178587027,88844490,3,738,1
hg,157890,1,120120.16,9255.601297619813,75133706,1,120120.16,9255.601297619813,124383225,3,882,1
hg,157890,1,31391.363,3193.081059150968,21825410,1,31391.363,3193.081059150968,33258429,3,366,1
hg,157890,1,54233.92,2760.39298612758,9004111,1,54233.92,2760.39298612758,17831853,3,387,1
hg,157890,1,48945.535,3250.60921043096,67635594,1,48945.535,3250.60921043096,122482783,3,663,1
hg,157890,1,15044.463,2060.783962945801,20097905,1,15044.463,2060.783962945801,36741469,3,363,1
hg,157890,1,35153.832,3246.0025667634713,61642492,1,35154.84,3213.5602192178476,105865256,3,501,0
hg,157890,1,37440.242,2241.954623855863,26323437,1,37440.242,2241.954623855863,43887807,3,332,1
hg,157890,1,3275.9658,251.5082807998657,178996,1,3275.9658,251.5082807998657,290314,3,11,1
hg,157890,1,33607.484,2792.5709877346585,7075177,1,33607.484,2792.5709877346585,14375921,3,186,1
hg,157890,1,43983.836,3016.8476377000134,14611000,1,43983.836,3016.8476377000134,26896160,3,250,1
hg,157890,1,25826.94,2444.3335302926484,41651068,1,25826.94,2444.3335302926484,73651356,3,485,1
hg,157890,1,22509.014,2548.0124167894633,46971360,1,22517.275,2299.9539709734236,81210509,3,449,0
hg,157890,1,27540.643,1767.8293629736231,51084493,1,27540.643,1767.8293629736231,90026275,3,321,1
hg,157890,1,25921.926,3069.110179733412,44661163,1,25925.156,2970.3793881741913,70961790,3,539,0
hg,157890,0,-1,-1,68234615,0,-1,-1,117972629,3,0,1
hg,157890,0,-1,-1,71971181,0,-1,-1,128100560,3,0,1
hg,157890,1,4168.12,502.3482587471007,5088405,1,4168.12,502.3482587471007,11146340,3,66,1
hg,157890,1,25094.02,1828.1778029082168,25764688,1,25094.02,1828.1778029082168,45638620,3,278,1
hg,157890,0,-1,-1,84222,0,-1,-1,33528,3,0,1
hg,157890,1,19167.664,2370.3001331772125,43532730,1,19167.664,2370.3001331772125,74644853,3,255,1
hg,157890,1,11278.185,1175.6277907396718,14519338,1,11278.185,1175.6277907396718,28807954,3,204,1
hg,157890,1,34899.86,3648.894233699524,54778317,1,34905.973,3405.458416894639,94511083,3,551,0
hg,157890,1,15052.837,937.7043231157576,27630482,1,15052.837,937.7043231157576,44146503,3,157,1
hg,157890,0,-1,-1,128994,0,-1,-1,78578,3,0,1
hg,157890,1,71572.77,5257.062975873533,58362783,1,71592.23,4914.54049730314,100957688,3,740,0
hg,157890,1,69804.44,5110.091010339463,54570552,1,69804.44,5110.091010339463,89866321,3,354,1
hg,157890,1,3778.538,562.0798538208007,4278614,1,3778.538,562.0798538208007,8094952,3,85,1
mp,647406,1,61221.246,4237.121670862171,60590580,1,61221.246,4237.121670862171,19882920,0,404,1
mp,647406,1,174529.08,14316.145627978201,327699485,1,174529.08,14316.145627978201,75687257,0,721,1
mp,647406,1,129755.42,9741.571572416704,375791598,1,129755.42,9741.571572416704,123814346,0,646,1
mp,647406,1,167035.9,10720.716876638124,455013780,1,167035.9,10720.716876638124,314882179,0,966,1
mp,647406,1,193428.16,13539.3331007072,435472811,1,193428.16,13539.3331007072,230649494,0,881,1
mp,647406,1,83275.836,6058.6275908857115,153380573,1,83275.836,6058.6275908857115,20646657,0,400,1
mp,647406,1,69718.42,4290.801763151896,185898960,1,69718.42,4290.801763151896,21444440,0,662,1
mp,647406,1,12494.189,1781.5801787719731,2596950,1,12494.189,1781.5801787719731,891190,0,114,1
mp,647406,1,36810.074,1696.7302993820947,6700786,1,36810.074,1696.7302993820947,5665071,0,115,1
mp,647406,1,221334.98,15286.700328246536,308565226,1,221334.98,15286.700328246536,220490292,0,1099,1
mp,647406,1,73745.01,4877.929152640888,82442174,1,73745.01,4877.929152640888,18225521,0,464,1
mp,647406,1,72597.08,4736.402861354829,78263382,1,72597.08,4736.402861354829,15732735,0,385,1
mp,647406,1,206062.06,16790.60719693649,386769853,1,206062.06,16790.60719693649,211336561,0,922,1
mp,647406,1,167495.48,10739.2605002428,332530204,1,167495.48,10739.2605002428,129523805,0,886,1
mp,647406,1,115210.164,9096.324412471604,232335221,1,115210.164,9096.324412471604,27522505,0,430,1
mp,647406,1,230039.98,14779.35466259129,426770769,1,230039.98,14779.35466259129,338892437,0,1722,1
mp,647406,1,45937.57,4352.943435265677,14533481,1,45937.57,4352.943435265677,3739069,0,281,1
mp,647406,1,98924.695,8516.398587655876,217756988,1,98924.695,8516.398587655876,56138079,0,565,1
mp,647406,1,178646.55,11186.067521908622,404636913,1,178646.55,11186.067521908622,190568799,0,926,1
mp,647406,1,218030.14,14903.207773117578,295858026,1,218030.14,14903.207773117578,98280292,0,1032,1
mp,647406,1,116727.42,7381.161250792492,168300219,1,116727.42,7381.161250792492,163262776,0,1032,1
mp,647406,1,61592.91,4942.847066536763,80168023,1,61592.91,4942.847066536763,7051602,0,268,1
mp,647406,1,85513.78,5650.291955726651,212758532,1,85513.78,5650.291955726651,24058724,0,397,1
mp,647406,1,167291.0,14838.951960101667,340265590,1,167291.0,14838.951960101667,101264266,0,749,1
mp,647406,1,154450.25,10791.916307410402,194084462,1,154450.25,10791.916307410402,111511299,0,1060,1
mp,647406,1,214285.81,12275.862135849713,549738251,1,214285.81,12275.862135849713,143281600,0,1178,1
mp,647406,1,161985.17,14794.96557360501,407194248,1,161985.17,14794.96557360501,217697476,0,827,1
mp,647406,1,148201.12,9545.72272840304,228159728,1,148201.12,9545.72272840304,83214228,0,1163,1
mp,647406,1,118888.42,8256.36849139566,97724974,1,118888.42,8256.36849139566,42216212,0,604,1
mp,647406,1,130731.56,9807.504393514258,358729395,1,130731.56,9807.504393514258,64053596,0,568,1
mp,647406,1,154411.2,14681.999340734286,235973953,1,154411.2,14681.999340734286,113502562,0,686,1
mp,647406,1,69380.31,6381.472249008994,61930221,1,69380.31,6381.472249008994,11686604,0,350,1
mp,647406,1,60217.0,3595.952385153087,55011405,1,60217.0,3595.952385153087,9548489,0,444,1
mp,647406,1,125030.35,8673.86104912758,292744911,1,125030.35,8673.86104912758,38064628,0,558,1
mp,647406,1,197435.88,11066.202193352821,494578493,1,197435.88,11066.202193352821,193744579,0,1423,1
mp,647406,1,150663.17,10606.863600619243,320022108,1,150663.17,10606.863600619243,74655026,0,715,1
mp,647406,1,182098.52,11048.764426720916,278342578,1,182098.52,11048.764426720916,77779075,0,993,1
mp,647406,1,110445.74,6535.053861917693,97688958,1,110445.74,6535.053861917693,117142169,0,584,1
mp,647406,1,6986.5083,535.0036745575496,1218399,1,6986.5083,535.0036745575496,891186,0,69,1
mp,647406,1,66190.23,4813.6008363346455,43220736,1,66190.23,4813.6008363346455,10766477,0,460,1
mp,647406,1,263650.3,16947.454543686723,356955298,1,263650.3,16947.454543686723,357194340,0,1351,1
mp,647406,1,157960.34,9848.742557689375,416241082,1,157960.34,9848.742557689375,255444882,0,809,1
mp,647406,1,35390.64,2420.9548764441342,15818052,1,35390.64,2420.9548764441342,6156174,0,209,1
mp,647406,1,110160.05,6688.687285885338,155729597,1,110160.05,6688.687285885338,23582897,0,541,1
mp,647406,0,-1,-1,460395652,0,-1,-1,701074358,0,0,1
mp,647406,1,70121.11,4063.588387785961,138473906,1,70121.11,4063.588387785961,21170623,0,260,1
mp,647406,1,219741.95,17449.659108653217,386935223,1,219741.95,17449.659108653217,269452847,0,1010,1
mp,647406,1,224662.06,15227.489405429886,434323473,1,224662.06,15227.489405429886,330788946,0,1511,1
mp,647406,1,208163.67,12868.24994520234,283444850,1,208163.67,12868.24994520234,146444352,0,950,1
mp,647406,1,15315.2705,1612.2751557094712,36528393,1,15315.2705,1612.2751557094712,17092774,0,357,1
mp,647406,1,166861.34,9768.677991270893,118552880,1,166861.34,9768.677991270893,66779500,0,966,1
mp,647406,1,127387.39,9610.206631180565,82237510,1,127387.39,9610.206631180565,44709427,0,501,1
mp,647406,1,93004.34,7091.659932814462,170752136,1,93004.34,7091.659932814462,20469956,0,488,1
mp,647406,1,91544.305,7079.783708767482,30475361,1,91544.305,7079.783708767482,18320358,0,372,1
mp,647406,1,230144.1,18632.96178791687,281649622,1,230144.1,18632.96178791687,198621042,0,885,1
mp,647406,1,133754.95,11474.527089520865,100283628,1,133754.95,11474.527089520865,64460153,0,790,1
mp,647406,0,-1,-1,101541,0,-1,-1,118089,0,0,1
mp,647406,1,59472.95,4039.824392020572,117222604,1,59472.95,4039.824392020572,28517884,0,272,1
mp,647406,1,167181.56,10471.753281594962,529544591,1,167181.56,10471.753281594962,219973283,0,918,1
mp,647406,1,140191.53,10599.405589400843,291789598,1,140191.53,10599.405589400843,40453115,0,617,1
mp,647406,1,116544.35,9103.774266861368,146788977,1,116544.35,9103.774266861368,37762884,0,634,1
mp,647406,1,215459.56,14756.801406383285,414310752,1,215459.56,14756.801406383285,323078846,0,1337,1
mp,647406,1,143555.86,11102.299665551998,297703075,1,143555.86,11102.299665551998,64641860,0,718,1
mp,647406,1,288724.22,21502.02267986394,436393389,1,288724.22,21502.02267986394,389189184,0,1740,1
mp,647406,1,153722.5,9098.471471659786,390556204,1,153722.5,9098.471471659786,179181761,0,1094,1
mp,647406,1,100541.85,7024.17074559709,212181633,1,100541.85,7024.17074559709,39667140,0,825,1
mp,647406,1,124024.79,9818.902585138723,367676801,1,124024.79,9818.902585138723,69364324,0,607,1
mp,647406,1,179566.58,13273.014525316394,410692958,1,179566.58,13273.014525316394,310304552,0,1128,1
mp,647406,1,139387.14,8460.53873474225,232568414,1,139387.14,8460.53873474225,65812973,0,970,1
mp,647406,1,143446.84,9061.035097830149,144450840,1,143446.84,9061.035097830149,47368680,0,779,1
mp,647406,1,204619.2,12243.25212956536,349374803,1,204619.2,12243.25212956536,106001634,0,1049,1
mp,647406,1,143586.73,10294.121313727912,216694408,1,143586.73,10294.121313727912,88085550,0,1115,1
mp,647406,1,244318.28,16165.33292553117,356970918,1,244318.28,16165.33292553117,166559613,0,1227,1
mp,647406,1,83204.76,6623.3461836845545,152636270,1,83204.76,6623.3461836845545,36615540,0,445,1
mp,647406,1,240401.44,15764.914312075205,324181191,1,240401.44,15764.914312075205,363814983,0,1644,1
mp,647406,1,131554.61,8817.119487077714,146859637,1,131554.61,8817.119487077714,28028963,0,548,1
mp,647406,1,115006.97,10325.896271149943,220745510,1,115006.97,10325.896271149943,39204734,0,741,1
mp,647406,1,58512.336,4152.063294227328,46136606,1,58512.336,4152.063294227328,19369341,0,449,1
mp,647406,1,181386.38,15046.103133312643,363865687,1,181386.38,15046.103133312643,228669706,0,851,1
mp,647406,1,12738.017,1130.2908887443543,2830401,1,12738.017,1130.2908887443543,716496,0,63,1
mp,647406,1,185858.56,12009.221746949346,267475916,1,185858.56,12009.221746949346,122335478,0,1087,1
mp,647406,1,50344.355,4690.253476083755,121051477,1,50344.355,4690.253476083755,9351557,0,231,1
mp,647406,1,13909.557,1596.1419631832694,44249695,1,13909.557,1596.1419631832694,11948672,0,249,1
mp,647406,1,92789.1,5850.059287958559,213110644,1,92789.1,5850.059287958559,15205379,0,548,1
mp,647406,1,134916.23,6514.69482307358,243060716,1,134916.23,6514.69482307358,77261132,0,1016,1
mp,647406,1,77259.375,4435.7302442782,80011340,1,77259.375,4435.7302442782,19909978,0,352,1
mp,647406,1,114468.805,6373.049751155175,299876982,1,114468.805,6373.049751155175,24591708,0,619,1
mp,647406,1,84203.99,5771.670568415637,66161744,1,84203.99,5771.670568415637,20742034,0,457,1
mp,647406,1,141964.12,10015.663618216928,155532791,1,141964.12,10015.663618216928,64261417,0,841,1
mp,647406,1,20831.277,1539.2643684926716,6211811,1,20831.277,1539.2643684926716,1346244,0,144,1
mp,647406,1,25837.588,2247.644321266991,5273431,1,25837.588,2247.644321266991,12804373,3,98,1
mp,647406,1,103607.86,10016.116098936902,213608500,1,103607.86,10016.116098936902,403705978,3,446,1
mp,647406,1,192449.05,16466.573661144943,451654855,1,192517.64,16101.289580436844,837554616,3,1275,0
mp,647406,1,124161.5,9548.360110318443,214801362,1,124206.06,9260.07194640717,292782217,3,996,0
mp,647406,1,214287.58,14890.155237113817,446395603,1,214287.58,14890.155237113817,726088743,3,1256,1
mp,647406,1,200755.52,12670.479192376826,370326571,1,200809.9,12535.662607760843,621098086,3,1138,0
mp,647406,1,12556.244,1201.39481073761,2920681,1,12556.244,1201.39481073761,6606160,3,65,1
mp,647406,0,-1,-1,773445,0,-1,-1,738107,3,0,1
mp,647406,1,111068.41,8932.07910117217,196687805,1,111101.055,8935.673006491383,270284481,3,442,0
mp,647406,1,243073.0,19208.864965083067,331080583,1,243094.52,19088.19462713849,525372522,3,1360,0
mp,647406,1,118883.75,10232.101175932077,376796341,1,118883.75,10232.101175932077,475838772,3,658,1
mp,647406,1,154987.5,11322.967405552454,341987251,1,154994.28,11210.322411297391,544469717,3,822,0
mp,647406,1,104366.914,7579.904696648318,203501532,1,104370.305,7576.2078088614535,302879244,3,476,0
mp,647406,1,63258.285,3667.736895716529,24233000,1,63258.293,3661.588369682855,40934584,3,231,0
mp,647406,1,16723.168,1662.6201524551948,41620709,1,16723.69,1444.386211677415,67245368,3,369,0
mp,647406,1,346177.0,23829.094340136522,425723408,1,346401.8,23766.000138994357,575188513,3,2172,0
mp,647406,1,11884.885,1188.8734338780816,13409200,1,11884.885,1188.8734338780816,25442655,3,253,1
mp,647406,1,169689.95,12565.297661460827,261666584,1,169782.84,12541.165929072738,443149390,3,974,0
mp,647406,0,-1,-1,181303,0,-1,-1,319304,3,0,1
mp,647406,1,80483.49,6972.753778168406,195712549,1,80483.49,6972.753778168406,285464009,3,698,1
